{
  "ok": true,
  "points": [
    {
      "label": "2025-11-29 14:36",
      "ts": "2025-11-29T14:36:37.534624",
      "run_id": "RUN_VSP_FULL_EXT_20251129_143155",
      "total": 0
    },
    {
      "label": "2025-11-29 17:23",
      "ts": "2025-11-29T17:23:13.298585",
      "run_id": "RUN_VSP_FULL_EXT_20251129_172313",
      "total": 0
    },
    {
      "label": "2025-11-29 18:26",
      "ts": "2025-11-29T18:26:25.207222",
      "run_id": "RUN_VSP_FULL_EXT_20251129_182532",
      "total": 7
    },
    {
      "label": "2025-11-29 18:42",
      "ts": "2025-11-29T18:42:07.235412",
      "run_id": "RUN_VSP_FULL_EXT_20251129_183826",
      "total": 2633
    },
    {
      "label": "2025-11-29 18:50",
      "ts": "2025-11-29T18:50:28.141479",
      "run_id": "RUN_VSP_FULL_EXT_20251129_184611",
      "total": 2633
    },
    {
      "label": "2025-11-29 19:02",
      "ts": "2025-11-29T19:02:36.651103",
      "run_id": "RUN_VSP_FULL_EXT_20251129_185856",
      "total": 2633
    },
    {
      "label": "2025-11-29 19:20",
      "ts": "2025-11-29T19:20:34.736933",
      "run_id": "RUN_VSP_FULL_EXT_20251129_121654",
      "total": 2633
    },
    {
      "label": "2025-11-30 06:51",
      "ts": "2025-11-30T06:51:33.487306",
      "run_id": "RUN_VSP_FULL_EXT_20251129_234737",
      "total": 2633
    },
    {
      "label": "2025-11-30 06:58",
      "ts": "2025-11-30T06:58:45.229296",
      "run_id": "RUN_VSP_FULL_EXT_20251129_235431",
      "total": 2633
    },
    {
      "label": "2025-11-30 07:08",
      "ts": "2025-11-30T07:08:19.260329",
      "run_id": "RUN_VSP_FULL_EXT_20251130_000412",
      "total": 2633
    },
    {
      "label": "2025-11-30 07:34",
      "ts": "2025-11-30T07:34:51.908810",
      "run_id": "RUN_VSP_FULL_EXT_20251130_073321",
      "total": 0
    },
    {
      "label": "2025-11-30 07:51",
      "ts": "2025-11-30T07:51:44.100903",
      "run_id": "RUN_VSP_FULL_EXT_20251130_004809",
      "total": 1572
    },
    {
      "label": "2025-11-30 08:48",
      "ts": "2025-11-30T08:48:20.245181",
      "run_id": "RUN_VSP_FULL_EXT_20251129_145503",
      "total": 2789
    },
    {
      "label": "2025-12-01 12:02",
      "ts": "2025-12-01T12:02:45.226667",
      "run_id": "RUN_VSP_FULL_EXT_20251201_120117",
      "total": 0
    },
    {
      "label": "2025-12-01 14:07",
      "ts": "2025-12-01T14:07:49.141303",
      "run_id": "RUN_VSP_FULL_EXT_20251201_140619",
      "total": 0
    },
    {
      "label": "2025-12-01 14:14",
      "ts": "2025-12-01T14:14:32.540036",
      "run_id": "RUN_VSP_FULL_EXT_20251201_141304",
      "total": 0
    },
    {
      "label": "2025-12-01 14:21",
      "ts": "2025-12-01T14:21:23.535465",
      "run_id": "RUN_VSP_FULL_EXT_20251201_141955",
      "total": 0
    },
    {
      "label": "2025-12-01 14:23",
      "ts": "2025-12-01T14:23:54.270809",
      "run_id": "RUN_VSP_FULL_EXT_20251201_142230",
      "total": 0
    },
    {
      "label": "2025-12-01 14:41",
      "ts": "2025-12-01T14:41:45.018023",
      "run_id": "RUN_VSP_FULL_EXT_20251201_144017",
      "total": 0
    },
    {
      "label": "2025-12-01 14:43",
      "ts": "2025-12-01T14:43:22.912965",
      "run_id": "RUN_VSP_FULL_EXT_20251201_144145",
      "total": 0
    },
    {
      "label": "2025-12-01 15:13",
      "ts": "2025-12-01T15:13:48.482557",
      "run_id": "RUN_VSP_FULL_EXT_20251201_144712",
      "total": 19630
    },
    {
      "label": "2025-12-01 15:48",
      "ts": "2025-12-01T15:48:30.527664",
      "run_id": "RUN_VSP_FULL_EXT_20251201_160900",
      "total": 11
    },
    {
      "label": "2025-12-01 16:33",
      "ts": "2025-12-01T16:33:15.953122",
      "run_id": "RUN_VSP_FULL_EXT_20251201_160841",
      "total": 19601
    },
    {
      "label": "2025-12-02 07:59",
      "ts": "2025-12-02T07:59:54.698426",
      "run_id": "RUN_VSP_FULL_EXT_20251202_075910",
      "total": 0
    },
    {
      "label": "2025-12-02 08:06",
      "ts": "2025-12-02T08:06:58.993950",
      "run_id": "RUN_VSP_FULL_EXT_20251202_080347",
      "total": 1527
    },
    {
      "label": "2025-12-02 08:11",
      "ts": "2025-12-02T08:11:26.215878",
      "run_id": "RUN_VSP_FULL_EXT_20251202_080803",
      "total": 1529
    },
    {
      "label": "2025-12-02 08:14",
      "ts": "2025-12-02T08:14:59.988705",
      "run_id": "RUN_VSP_FULL_EXT_20251202_081145",
      "total": 1527
    },
    {
      "label": "2025-12-02 09:01",
      "ts": "2025-12-02T09:01:38.374296",
      "run_id": "RUN_VSP_FULL_EXT_20251202_083522",
      "total": 19424
    },
    {
      "label": "2025-12-03 08:03",
      "ts": "2025-12-03T08:03:49.247549",
      "run_id": "RUN_VSP_FULL_EXT_20251202_121212",
      "total": 1616
    },
    {
      "label": "2025-12-03 08:54",
      "ts": "2025-12-03T08:54:32.557400",
      "run_id": "RUN_VSP_FULL_EXT_20251202_091119",
      "total": 102206
    },
    {
      "label": "2025-12-03 11:44",
      "ts": "2025-12-03T11:44:28.755827",
      "run_id": "RUN_VSP_FULL_EXT_20251203_114325",
      "total": 89
    },
    {
      "label": "2025-12-03 12:06",
      "ts": "2025-12-03T12:06:19.834919",
      "run_id": "RUN_VSP_FULL_EXT_20251203_120447",
      "total": 89
    },
    {
      "label": "2025-12-03 12:12",
      "ts": "2025-12-03T12:12:56.455844",
      "run_id": "RUN_VSP_FULL_EXT_20251203_121126",
      "total": 89
    },
    {
      "label": "2025-12-03 12:42",
      "ts": "2025-12-03T12:42:49.945170",
      "run_id": "RUN_VSP_FULL_EXT_20251203_124218",
      "total": 89
    },
    {
      "label": "2025-12-03 12:44",
      "ts": "2025-12-03T12:44:26.336467",
      "run_id": "RUN_VSP_FULL_EXT_20251203_124249",
      "total": 240
    },
    {
      "label": "2025-12-03 13:37",
      "ts": "2025-12-03T13:37:50.525774",
      "run_id": "RUN_VSP_FULL_EXT_20251203_133621",
      "total": 240
    },
    {
      "label": "2025-12-03 13:46",
      "ts": "2025-12-03T13:46:02.096689",
      "run_id": "RUN_VSP_FULL_EXT_20251203_134428",
      "total": 240
    },
    {
      "label": "2025-12-03 14:16",
      "ts": "2025-12-03T14:16:15.936564",
      "run_id": "RUN_VSP_FULL_EXT_20251203_140952",
      "total": 430
    },
    {
      "label": "2025-12-03 14:37",
      "ts": "2025-12-03T14:37:17.095642",
      "run_id": "RUN_VSP_FULL_EXT_20251203_143137",
      "total": 430
    },
    {
      "label": "2025-12-03 15:01",
      "ts": "2025-12-03T15:01:47.029624",
      "run_id": "RUN_VSP_FULL_EXT_20251203_145619",
      "total": 3221
    }
  ]
}