{
  "summary_all": {
    "total": 9074,
    "by_severity": {
      "CRITICAL": 0,
      "HIGH": 170,
      "MEDIUM": 8894,
      "LOW": 10,
      "INFO": 0
    }
  },
  "summary_by_tool": [
    {
      "tool": "semgrep",
      "total": 9004,
      "by_severity": {
        "CRITICAL": 0,
        "HIGH": 127,
        "MEDIUM": 8877,
        "LOW": 0,
        "INFO": 0
      }
    },
    {
      "tool": "trivy_fs",
      "total": 29,
      "by_severity": {
        "CRITICAL": 0,
        "HIGH": 15,
        "MEDIUM": 5,
        "LOW": 9,
        "INFO": 0
      }
    },
    {
      "tool": "gitleaks",
      "total": 25,
      "by_severity": {
        "CRITICAL": 0,
        "HIGH": 25,
        "MEDIUM": 0,
        "LOW": 0,
        "INFO": 0
      }
    },
    {
      "tool": "bandit",
      "total": 8,
      "by_severity": {
        "CRITICAL": 0,
        "HIGH": 1,
        "MEDIUM": 6,
        "LOW": 1,
        "INFO": 0
      }
    },
    {
      "tool": "grype",
      "total": 5,
      "by_severity": {
        "CRITICAL": 0,
        "HIGH": 2,
        "MEDIUM": 3,
        "LOW": 0,
        "INFO": 0
      }
    },
    {
      "tool": "codeql",
      "total": 3,
      "by_severity": {
        "CRITICAL": 0,
        "HIGH": 0,
        "MEDIUM": 3,
        "LOW": 0,
        "INFO": 0
      }
    }
  ]
}