{
  "overall": "RED",
  "ts": "2025-12-18T05:16:33.700563Z",
  "counts_total": {
    "CRITICAL": 0,
    "HIGH": 136,
    "MEDIUM": 17,
    "LOW": 34,
    "INFO": 10,
    "TRACE": 0
  },
  "by_tool": {
    "SEMGREP": {
      "verdict": "GREEN",
      "total": 0,
      "counts": {
        "CRITICAL": 0,
        "HIGH": 0,
        "MEDIUM": 0,
        "LOW": 0,
        "INFO": 0,
        "TRACE": 0
      }
    },
    "TRIVY": {
      "verdict": "GREEN",
      "total": 0,
      "counts": {
        "CRITICAL": 0,
        "HIGH": 0,
        "MEDIUM": 0,
        "LOW": 0,
        "INFO": 0,
        "TRACE": 0
      }
    },
    "KICS": {
      "verdict": "RED",
      "total": 197,
      "counts": {
        "CRITICAL": 0,
        "HIGH": 136,
        "MEDIUM": 17,
        "LOW": 34,
        "INFO": 10,
        "TRACE": 0
      }
    },
    "GITLEAKS": {
      "verdict": "GREEN",
      "total": 0,
      "counts": {
        "CRITICAL": 0,
        "HIGH": 0,
        "MEDIUM": 0,
        "LOW": 0,
        "INFO": 0,
        "TRACE": 0
      }
    },
    "CODEQL": {
      "verdict": "AMBER",
      "total": 0,
      "counts": {
        "CRITICAL": 0,
        "HIGH": 0,
        "MEDIUM": 0,
        "LOW": 0,
        "INFO": 0,
        "TRACE": 0
      }
    }
  },
  "rule": {
    "RED_if_any": {
      "CRITICAL": 1,
      "HIGH": 1
    },
    "AMBER_if_any": {
      "MEDIUM": 1
    }
  },
  "evidence": {
    "red_tools": [
      "KICS"
    ],
    "amber_tools": []
  }
}