{
  "ok": true,
  "rid": "VSP_CI_20251218_113514",
  "ts": 1766372089,
  "files_count": 41,
  "files": [
    {
      "path": ".autogate_ran",
      "bytes": 21
    },
    {
      "path": "degraded_tools.json",
      "bytes": 114
    },
    {
      "path": "findings_unified.json",
      "bytes": 4435
    },
    {
      "path": "findings_unified_commercial.json",
      "bytes": 363
    },
    {
      "path": "gate_policy.json",
      "bytes": 120
    },
    {
      "path": "runner.log",
      "bytes": 4937
    },
    {
      "path": "run_gate_autogate.log",
      "bytes": 110
    },
    {
      "path": "run_gate_summary.json",
      "bytes": 1479
    },
    {
      "path": "semgrep_summary.json",
      "bytes": 469
    },
    {
      "path": "SHA256SUMS.txt",
      "bytes": 101
    },
    {
      "path": "SUMMARY.txt",
      "bytes": 74
    },
    {
      "path": "trivy_summary.json",
      "bytes": 467
    },
    {
      "path": "VSP_CI_20251218_114312__REPORT.tgz",
      "bytes": 435897
    },
    {
      "path": "bandit/bandit.json",
      "bytes": 5250654
    },
    {
      "path": "CODEQL/codeql.log",
      "bytes": 631
    },
    {
      "path": "codeql/codeql_summary.json",
      "bytes": 253
    },
    {
      "path": "degraded/SEMGREP_RC_7.txt",
      "bytes": 5
    },
    {
      "path": "degraded/TRIVY_TIMEOUT.txt",
      "bytes": 14
    },
    {
      "path": "gitleaks/gitleaks.json",
      "bytes": 3
    },
    {
      "path": "gitleaks/gitleaks_summary.json",
      "bytes": 495
    },
    {
      "path": "grype/grype.json",
      "bytes": 516635
    },
    {
      "path": "KICS/kics.log",
      "bytes": 1981
    },
    {
      "path": "kics/kics.json",
      "bytes": 138513
    },
    {
      "path": "kics/kics.log",
      "bytes": 137092
    },
    {
      "path": "kics/kics_results.json",
      "bytes": 138513
    },
    {
      "path": "kics/kics_summary.json",
      "bytes": 243
    },
    {
      "path": "kics/results.json",
      "bytes": 138513
    },
    {
      "path": "report/__meta/VERSION.txt",
      "bytes": 224
    },
    {
      "path": "reports/findings_unified.csv",
      "bytes": 47
    },
    {
      "path": "reports/findings_unified.html",
      "bytes": 1981
    },
    {
      "path": "reports/findings_unified.json",
      "bytes": 4435
    },
    {
      "path": "reports/findings_unified.pdf",
      "bytes": 42911
    },
    {
      "path": "reports/findings_unified.sarif",
      "bytes": 198
    },
    {
      "path": "reports/report_synth_v1.json",
      "bytes": 556
    },
    {
      "path": "SEMGREP/semgrep.log",
      "bytes": 40
    },
    {
      "path": "semgrep/semgrep.json",
      "bytes": 367
    },
    {
      "path": "semgrep/semgrep_summary.json",
      "bytes": 469
    },
    {
      "path": "syft/syft.json",
      "bytes": 3223324
    },
    {
      "path": "TRIVY/trivy.log",
      "bytes": 20829
    },
    {
      "path": "trivy/trivy.json.err",
      "bytes": 0
    },
    {
      "path": "trivy/trivy_summary.json",
      "bytes": 467
    }
  ]
}