{
  "ok": true,
  "run_dir": "/home/test/Data/SECURITY-10-10-v4/out_ci/VSP_CI_20251218_113514",
  "created": [
    "/home/test/Data/SECURITY-10-10-v4/out_ci/VSP_CI_20251218_113514/reports/findings_unified.csv",
    "/home/test/Data/SECURITY-10-10-v4/out_ci/VSP_CI_20251218_113514/reports/findings_unified.sarif",
    "/home/test/Data/SECURITY-10-10-v4/out_ci/VSP_CI_20251218_113514/reports/findings_unified.html",
    "/home/test/Data/SECURITY-10-10-v4/out_ci/VSP_CI_20251218_113514/reports/findings_unified.pdf"
  ],
  "degraded": [],
  "ts": 1766372089
}